新区东,1,8001,11478150
新区东,1,8002,11478151
新区东,1,8003,11478152
新区东,1,8005,11478153
新区东,1,8006,11478154
新区东,1,8007,11478155
新区东,1,8008,11478156
新区东,1,8009,11478157
新区东,1,8010,11478158
新区东,1,8011,11478159
新区东,1,8012,11478160
新区东,1,8013,11478161
新区东,1,8015,11478162
新区东,1,8016,11478163
新区东,1,8017,11478164
新区东,1,8018,11478165
新区东,1,8019,11478166
新区东,1,8020,11478167
新区东,1,8021,11478168
新区东,1,8022,11478169
新区东,1,8023,11478170
新区东,1,8025,11478171
新区东,1,8026,11478172
新区东,1,8027,11478173
新区东,1,8028,11478174
新区东,1,8029,11478175
新区东,1,8030,11478176
新区东,1,8031,11478177
新区东,1,8032,11478178
新区东,1,8033,11478179
新区东,1,8035,11478180
新区东,1,8036,11478181
新区东,1,8037,11478182
新区东,1,8038,11478183
新区东,1,8039,11478184
新区东,1,8040,11478185
新区东,1,8041,11478186
新区东,1,8042,11478187
新区东,1,8043,11478188
新区东,1,8045,11478189
新区东,1,8046,11478190
新区东,1,8047,11478191
新区东,1,8048,11478192
新区东,1,8049,11478193
新区东,1,8050,11478194
新区东,1,8051,11478195
新区东,1,8052,11478196
新区东,1,8053,11478197
新区东,1,8055,11478198
新区中,1,8001,11478199
新区中,1,8002,11478200
新区中,1,8003,11478201
新区中,1,8005,11478202
新区中,1,8006,11478203
新区中,1,8007,11478204
新区中,1,8008,11478205
新区中,1,8009,11478206
新区中,1,8010,11478207
新区中,1,8011,11478208
新区中,1,8012,11478209
新区中,1,8013,11478210
新区中,1,8015,11478211
新区中,1,8016,11478212
新区中,1,8017,11478213
新区中,1,8018,11478214
新区中,1,8019,11478215
新区中,1,8020,11478216
新区中,1,8021,11478217
新区中,1,8022,11478218
新区中,1,8023,11478219
新区中,1,8025,11478220
新区中,1,8026,11478221
新区中,1,8027,11478222
新区中,1,8028,11478223
新区中,1,8029,11478224
新区中,1,8030,11478225
新区中,1,8031,11478226
新区中,1,8032,11478227
新区中,1,8033,11478228
新区中,1,8035,11478229
新区中,1,8036,11478230
新区中,1,8037,11478231
新区中,1,8038,11478232
新区中,1,8039,11478233
新区中,1,8040,11478234
新区中,1,8041,11478235
新区中,1,8042,11478236
新区中,1,8043,11478237
新区中,1,8045,11478238
新区中,1,8046,11478239
新区中,1,8047,11478240
新区中,1,8048,11478241
新区中,1,8049,11478242
新区中,1,8050,11478243
新区中,1,8051,11478244
新区中,1,8052,11478245
新区中,1,8053,11478246
新区中,1,8055,11478247
新区中,1,8056,11478248
新区中,1,8057,11478249
新区中,1,8058,11478250
新区中,1,8059,11478251
新区中,1,8060,11478252
新区中,1,8061,11478253
新区中,1,8062,11478254
新区中,1,8063,11478255
新区中,1,8065,11478256
新区中,1,8066,11478257
新区中,1,8067,11478258
新区中,1,8068,11478259
新区中,1,8069,11478260
新区中,1,8070,11478261
新区中,1,8071,11478262
新区中,1,8072,11478263
新区中,1,8073,11478264
新区中,1,8075,11478265
新区中,1,8076,11478266
新区中,1,8077,11478267
新区中,1,8078,11478268
新区中,1,8079,11478269
新区中,1,8080,11478270
新区中,1,8081,11478271
新区中,1,8082,11478272
新区中,1,8083,11478273
新区中,1,8085,11478274
新区中,1,8086,11478275
新区中,1,8087,11478276
新区中,1,8088,11478277
新区中,1,8089,11478278
新区中,1,8090,11478279
新区中,1,8091,11478280
新区中,1,8092,11478281
新区中,1,8093,11478282
新区中,1,8095,11478283
新区中,1,8096,11478284
新区中,1,8097,11478285
新区中,1,8098,11478286
新区中,1,8099,11478287
新区中,1,8100,11478288
新区中,1,8101,11478289
新区中,1,8102,11478290
新区中,1,8103,11478291
新区中,1,8105,11478292
新区中,1,8106,11478293
新区中,1,8107,11478294
新区中,1,8108,11478295
新区中,1,8109,11478296
新区中,1,8110,11478297
新区中,1,8111,11478298
新区中,1,8112,11478299
新区西,1,8001,11478300
新区西,1,8002,11478301
新区西,1,8003,11478302
新区西,1,8005,11478303
新区西,1,8006,11478304
新区西,1,8007,11478305
新区西,1,8008,11478306
新区西,1,8009,11478307
新区西,1,8010,11478308
新区西,1,8011,11478309
新区西,1,8012,11478310
新区西,1,8013,11478311
新区西,1,8015,11478312
新区西,1,8016,11478313
新区西,1,8017,11478314
新区西,1,8018,11478315
新区西,1,8019,11478316
新区西,1,8020,11478317
新区西,1,8021,11478318
新区西,1,8022,11478319
新区西,1,8023,11478320
新区西,1,8025,11478321
新区西,1,8026,11478322
新区西,1,8027,11478323
新区西,1,8028,11478324
新区西,1,8029,11478325
新区西,1,8030,11478326
新区西,1,8031,11478327
新区西,1,8032,11478328
新区西,1,8033,11478329
新区西,1,8035,11478330
新区西,1,8036,11478331
新区西,1,8037,11478332
新区西,1,8038,11478333
新区西,1,8039,11478334
新区西,1,8040,11478335
新区西,1,8041,11478336
新区西,1,8042,11478337
新区西,1,8043,11478338
新区西,1,8045,11478339
新区西,1,8046,11478340
新区西,1,8047,11478341
新区西,1,8048,11478342
新区西,1,8049,11478343
新区西,1,8050,11478344
新区西,1,8051,11478345
新区西,1,8052,11478346
新区西,1,8053,11478347
新区西,1,8055,11478348
新区西,1,8056,11478349
新区西,1,8057,11478350
新区西,1,8058,11478351
新区西,1,8059,11478352
新区西,1,8060,11478353
新区西,1,8061,11478354
新区西,1,8062,11478355
新区西,1,8063,11478356
新区西,1,8065,11478357
新区西,1,8066,11478358
新区西,1,8067,11478359
新区西,1,8068,11478360
新区西,1,8069,11478361
新区西,1,8070,11478362
新区西,1,8071,11478363
新区西,1,8072,11478364
10,1,101,11475908
10,1,102,11475899
10,1,103,11475879
10,1,104,11475927
11,1,101,11475888
11,1,102,11475901
11,1,103,11475872
11,1,104,11475917
11,1,105,11475873
11,1,106,11475903
12,1,101,11475876
12,1,102,11475904
12,1,103,11475920
12,1,104,11475919
12,1,105,11475933
12,1,106,11475870
13,1,101,11475881
13,1,102,11475885
13,1,103,11475882
13,1,104,11475925
14,1,101,11475924
14,1,102,11475906
14,1,103,11475886
14,1,104,11475912
15,1,101,11475896
15,1,102,11475909
15,1,103,11475936
15,1,104,11475939
15,1,105,11475940
15,1,106,11475934
16,1,101,11475905
16,1,102,11475926
16,1,103,11475946
16,1,104,11475932
16,1,105,11475918
16,1,106,11475929
17,1,101,11475897
17,1,102,11475895
17,1,103,11475891
17,1,104,11475913
18,1,101,11475937
18,1,102,11475878
18,1,103,11475898
18,1,104,11475889
19,1,101,11475942
19,1,102,11475871
19,1,103,11475941
19,1,104,11475910
19,1,105,11475884
19,1,106,11475887
20,1,101,11475875
20,1,102,11475877
20,1,103,11475931
20,1,104,11475943
20,1,105,11475923
20,1,106,11475894
21,1,101,11475915
21,1,102,11475874
21,1,103,11475907
21,1,104,11475916
22,1,101,11475930
22,1,102,11475914
22,1,103,11475945
22,1,104,11475893
23,1,101,11475892
23,1,102,11475902
23,1,103,11475935
23,1,104,11475880
23,1,105,11475947
23,1,106,11475900
24,1,101,11475868
24,1,102,11475890
24,1,103,11475869
24,1,104,11475911
24,1,105,11475928
24,1,106,11475922
25,1,101,11475883
25,1,102,11475921
25,1,103,11475944
25,1,104,11475938
